1,23,14,0.24656411,615.5381005,3631558,  Huntsville,Alabama,1,0,3321602692,voice,0
2,25,6,0.255293569,719.6165256,8937209,  Reading,Pennsylvania,1,0,3321602692,voice,0
3,22,1,0.25681439,432.5404954,4287861,  Los Angeles,California,1,0,3321602692,voice,0
4,54,4,0.262394779,660.4779553,5161069,  Chandler,Arizona,1,0,3321602692,voice,0
5,26,4,0.252779294,615.7465249,1874567,  Chicago,Illinois,1,0,3321602692,voice,0
6,6,2,0.252301457,508.0922056,4282497,  San Angelo,Texas,1,0,3321602692,voice,0
7,16,8,0.240316818,372.5806487,2732712,  Detroit,Michigan,1,0.05,3321602692,voice,0
8,48,1,0.231088846,176.4223309,6940984,  Sandy,Utah,1,0,3321602692,voice,0
9,82,8,0.268176239,249.2335354,9960864,  Hialeah,Florida,1,0,3321602692,voice,0
10,35,0,0.239814188,131.4708864,6708600,  Memphis,Tennessee,1,0,3321602692,voice,0
11,7,7,0.266499702,174.5295141,9709791,  Detroit,Michigan,1,0,3321602692,voice,0
12,51,6,0.253275068,408.791397,4070371,  Wichita,Kansas,1,0,3321602692,voice,0
13,55,5,0.263648868,533.4330305,7563504,  Memphis,Tennessee,1,0,3321602692,voice,0
14,8,8,0.239614727,449.7099779,2725925,  Rockford,Illinois,1,0,3321602692,voice,0
15,64,7,0.253254212,172.8848281,4653953,  Anaheim,California,1,0,3321602692,voice,0
16,57,4,0.246705675,505.1543841,6651713,  Westminster,Colorado,1,0.05,3321602692,voice,0
17,58,5,0.248846718,161.5210742,6321664,  Baton Rouge,Louisiana,7,0.01,9577052540,voice,0
18,31,2,0.214781798,325.8778583,6258264,  Valdosta,Georgia,1,0,3321602692,voice,0
19,5,4,0.247242021,970.1272353,3467174,  Orange,California,1,0,3321602692,voice,0
20,29,3,0.24684661,401.0615489,6468394,  Detroit,Michigan,1,0,3321602692,voice,0
21,39,13,0.239307515,643.5730987,6513727,  Burbank,California,1,0.1,3321602692,voice,0
22,25,7,0.253036921,583.9127041,2562069,  San Diego,California,1,0,3321602692,voice,0
23,29,22,0.246381252,305.8595184,83886,  Fairfield,California,1,0,3321602692,voice,0
24,36,3,0.245376939,783.0329128,3871192,  Rio Rancho,New Mexico,2,0,2054174925,voice,0
25,15,3,0.255155855,267.6964819,8469097,  Everett,Washington,1,0,3321602692,voice,0
26,40,3,0.25748801,969.6534344,9293287,  New Orleans,Louisiana,1,0,3321602692,voice,0
27,2,6,0.246256215,983.2307444,2717560,  New York,New York,1,0,3321602692,voice,0
28,40,7,0.235970354,302.0014263,47057,  Glendale,Arizona,1,0,3321602692,voice,0
29,41,8,0.24629367,402.1371746,3539496,  Seattle,Washington,1,0,3321602692,voice,0
30,25,3,0.228382945,640.829504,161486,  Saginaw,Michigan,1,0,3321602692,voice,0
31,26,6,0.252433113,742.2822114,1420606,  Cleveland,Ohio,1,0,3321602692,voice,0
32,71,4,0.243566313,361.4589991,8509585,  Carmel,Indiana,1,0,3321602692,voice,0
33,39,4,0.25700734,453.5780147,7724346,  New York,New York,12,0,3976136027,voice,0
34,21,10,0.248189927,726.7271126,6062030,  Los Angeles,California,1,0,3321602692,voice,0
35,11,5,0.251512041,538.1347451,2213124,  Cincinnati,Ohio,32,0,916016986,voice,0
36,16,6,0.257703417,496.9093201,4940026,  Reno,Nevada,1,0,3321602692,voice,0
37,51,11,0.240742375,896.3917525,3064232,  New York,New York,1,0,3321602692,voice,0
38,67,10,0.264814778,657.2232755,2399571,  Santa Clarita,California,35,0,6198670500,voice,0
39,10,5,0.260881231,412.9908202,8251665,  North Richland Hills,Texas,1,0,3321602692,voice,0
40,3,6,0.243731149,584.7821074,3035148,  New York,New York,1,0,3321602692,voice,0
41,49,4,0.25455589,436.6007215,6985635,  Montgomery,Alabama,1,0,3321602692,voice,0
42,77,9,0.260808572,546.9914573,3509722,  Fremont,California,37,0,2859063106,voice,0
43,33,3,0.24946445,262.3417733,3390614,  Abilene,Texas,11,0,3234708148,voice,0
44,56,6,0.253043068,713.558425,4636902,  Atlanta,Georgia,1,0,3321602692,voice,0
45,13,9,0.278101577,831.2953501,7575207,  Houston,Texas,12,0,3976136027,voice,0
46,63,4,0.269355469,980.5266605,8819177,  Sioux Falls,South Dakota,1,0,3321602692,voice,0
47,46,3,0.275163244,558.1347609,5460522,  Denver,Colorado,35,0,6198670500,voice,0
48,83,5,0.243376335,157.7366129,8441744,  Warner Robins,Georgia,1,0,3321602692,voice,0
49,60,5,0.253984211,988.7148761,3280237,  Fort Worth,Texas,1,0,3321602692,voice,0
50,87,3,0.262587485,586.8272884,1517493,  Greensboro,North Carolina,21,0,6752103337,voice,0
51,76,8,0.258423407,784.2116743,6325441,  Tampa,Florida,13,0,5371824104,voice,0
52,44,10,0.226364858,304.7142213,3249194,  New York,New York,1,0.01,3321602692,voice,0
53,33,5,0.235962273,404.3674949,6444844,  Mount Vernon,New York,20,0,257776231,voice,0
54,60,2,0.244306376,161.9977673,9463070,  Mount Prospect,Illinois,1,0,3321602692,voice,0
55,68,7,0.246735779,288.138439,2668144,  North Las Vegas,Nevada,47,0,306648749,voice,0
56,26,4,0.230714008,117.6743187,7127455,  Mesa,Arizona,1,0,3321602692,voice,0
57,29,8,0.261327673,330.8383618,5275957,  Bridgeport,Connecticut,1,0,3321602692,voice,0
58,46,2,0.2265916,621.6332023,493205,  New York,New York,24,0,4231274690,voice,0
59,18,3,0.233212065,807.0192025,3847184,  Beaumont,Texas,1,0,3321602692,voice,0
60,35,23,0.261771642,608.1068482,2249468,  Chattanooga,Tennessee,27,0,1572106890,voice,0
61,23,4,0.251165423,889.6967671,2067635,  Los Angeles,California,12,0,3976136027,voice,0
62,69,4,0.237799222,934.5187282,7703971,  Overland Park,Kansas,55,0,9359230065,voice,0
63,19,6,0.259647803,652.3058292,6536247,  Sunrise,Florida,8,0,4399536532,voice,0
64,60,7,0.247424639,920.8381184,9029506,  Rochester,Minnesota,1,0,3321602692,voice,0
65,17,6,0.250204686,655.636588,5596765,  Porterville,California,1,0,3321602692,voice,0
66,95,6,0.266252656,996.3588047,8117484,  New York,New York,1,0.05,3321602692,voice,0
67,55,28,0.248941202,484.4472364,1279958,  San Mateo,California,30,0,2729587994,voice,0
68,7,4,0.263288896,658.0009747,3292005,  Santa Rosa,California,1,0,3321602692,voice,0
69,13,8,0.237895818,261.6036893,4713066,  Sunnyvale,California,1,0,3321602692,voice,0
70,39,0,0.261617559,784.6771205,2054080,  Greensboro,North Carolina,1,0,3321602692,voice,0
71,36,3,0.231977092,787.8616004,4086938,  Pasadena,Texas,1,0,3321602692,voice,0
72,100,7,0.256345946,657.4075689,4502476,  Indianapolis,(balance) Indiana,1,0,3321602692,voice,0
73,101,3,0.249792384,560.0816984,3634421,  Virginia Beach,Virginia,12,0,3976136027,voice,0
74,42,1,0.241419826,945.1716454,6457608,  New Britain,Connecticut,1,0.05,3321602692,voice,0
75,56,4,0.253921357,827.9559506,8286615,  Scottsdale,Arizona,21,0,6752103337,voice,0
76,26,7,0.235476991,205.2457013,8632557,  New York,New York,1,0,3321602692,voice,0
77,79,5,0.248586422,719.4710434,8245861,  Palmdale,California,1,0,3321602692,voice,0
78,69,1,0.253340848,681.2865528,7517501,  Jackson,Mississippi,62,0,3673492367,voice,0
79,134,10,0.268801646,905.3667864,3799282,  New York,New York,1,0,3321602692,voice,0
80,52,6,0.241275149,815.1479828,4198769,  Burbank,California,1,0,3321602692,voice,0
81,29,4,0.242831959,424.9870486,8433920,  Bellevue,Nebraska,1,0,3321602692,voice,0
82,6,7,0.250079575,848.4616749,2229124,  Rancho Cucamonga,California,1,0,3321602692,voice,0
83,71,8,0.232018873,499.462197,7776427,  Fresno,California,1,0,3321602692,voice,0
84,34,6,0.258915952,388.156465,6214484,  New York,New York,58,0,6473037932,voice,0
85,17,3,0.265511064,396.0830352,8546967,  San Antonio,Texas,1,0,3321602692,voice,0
86,20,16,0.27991379,228.0249233,6412300,  Avondale,Arizona,40,0,8709704323,voice,0
87,25,3,0.234970409,526.6757409,4732736,  Portsmouth,Virginia,1,0,3321602692,voice,0
88,25,4,0.244885615,390.2289455,5247662,  New York,New York,1,0,3321602692,voice,0
89,50,2,0.248964147,134.8505148,5940040,  Arlington,Texas,1,0,3321602692,voice,0
90,89,7,0.24255872,670.4904522,7222169,  Corpus Christi,Texas,54,0,3031550227,voice,0
91,26,2,0.268151513,378.1821987,427309,  St. Petersburg,Florida,36,0,7193321120,voice,0
92,5,10,0.239413336,922.0681021,7747010,  Napa,California,87,0,7651407726,voice,0
93,37,6,0.256428702,246.6823835,3710400,  Newport News,Virginia,1,0,3321602692,voice,0
94,13,0,0.260180278,789.5313719,5149134,  Fort Worth,Texas,1,0,3321602692,voice,0
95,62,9,0.264071073,687.76185,6199028,  Winston-Salem,North Carolina,6,0,3120008316,voice,0
96,60,2,0.238101795,434.9341467,2627631,  Memphis,Tennessee,93,0,6120490757,voice,0
97,13,8,0.267874373,585.0028532,7541029,  Savannah,Georgia,1,0,3321602692,voice,0
98,34,8,0.268352158,735.5180063,9475064,  Grand Prairie,Texas,56,0,6426191214,voice,0
99,18,11,0.248455294,318.5669101,8883253,  Gilbert,Arizona,1,0,3321602692,voice,0
100,89,7,0.26748544,384.7816399,8914819,  Hawthorne,California,30,0,2729587994,voice,0
1,69,9,0.236268217,274.5667483,4162356,  Moreno Valley,California,1,0,3321602692,voice,0
2,62,2,0.232172216,506.1993244,8559611,  West Haven,Connecticut,1,0,3321602692,voice,0
3,45,3,0.24343499,163.4376255,3865106,  Baltimore,Maryland,1,0,3321602692,voice,0
4,118,7,0.253440302,734.8794241,5462565,  Fontana,California,1,0.1,3321602692,voice,0
5,50,9,0.235498106,383.167181,1159337,  San Jose,California,1,0,3321602692,voice,0
6,10,2,0.2508456,783.5596515,2329786,  Nashua,New Hampshire,1,0,3321602692,voice,0
7,46,14,0.250704747,189.2527249,7856362,  Chicago,Illinois,1,0,3321602692,voice,0
8,87,5,0.241910837,853.1087472,8143996,  Hampton,Virginia,1,0,3321602692,voice,0
9,154,5,0.248678191,176.4460989,3515399,  San Antonio,Texas,1,0,3321602692,voice,0
10,82,5,0.238221771,626.6720842,2620930,  Fishers,Indiana,3,0,2879074514,voice,0
11,25,5,0.25131994,751.2419619,1339457,  San Diego,California,1,0,3321602692,voice,1.38583388
12,105,5,0.257190658,139.6487506,416869,  Corpus Christi,Texas,1,0,3321602692,voice,0
13,120,4,0.239341147,677.1199682,363620,  St. Louis,Missouri,1,0,3321602692,voice,0
14,23,9,0.228520895,399.8172736,6741739,  Palmdale,California,1,0,3321602692,voice,0
15,113,9,0.253732934,407.7718076,2575971,  Raleigh,North Carolina,1,0,3321602692,voice,0
16,115,9,0.256394419,395.0364357,4941893,  Downey,California,1,0,3321602692,voice,0
17,142,8,0.256904499,962.3399745,5459131,  San Francisco,California,1,0,3321602692,voice,0
18,96,0,0.244845162,918.5626058,8717426,  Las Cruces,New Mexico,1,0,3321602692,voice,0
19,22,4,0.266248976,328.3926,3150971,  Sacramento,California,1,0,3321602692,voice,0
20,55,0,0.246764984,859.7368304,9548238,  Hoffman Estates,Illinois,1,0.05,3321602692,voice,0
21,96,14,0.234928535,685.2900102,9041716,  Allen,Texas,1,0,3321602692,voice,0
22,52,3,0.255851086,477.3873574,2072593,  Sioux City,Iowa,1,0,3321602692,voice,0
23,71,12,0.253422356,159.995111,1021602,  Irving,Texas,1,0,3321602692,voice,0
24,76,5,0.249166405,632.5546799,9792793,  Philadelphia,Pennsylvania,1,0,3321602692,voice,0
25,29,12,0.24334165,348.0983448,9237903,  Tuscaloosa,Alabama,1,0,3321602692,voice,0
26,71,6,0.255770351,573.2465538,9660697,  Modesto,California,1,0,3321602692,voice,0
27,10,9,0.241070537,974.8045299,5400380,  Pembroke Pines,Florida,1,0,3321602692,voice,0
28,89,8,0.262990249,696.6674153,9286372,  Hammond,Indiana,1,0,3321602692,voice,0
29,75,7,0.268474785,986.8996199,3347837,  San Francisco,California,1,0,3321602692,voice,0
30,61,5,0.258686025,115.2428587,5174269,  Chicago,Illinois,1,0,3321602692,voice,0
31,58,4,0.229508849,577.8433213,699411,  Colorado Springs,Colorado,1,0,3321602692,voice,0
32,180,4,0.247562716,391.5360398,1038626,  Phoenix,Arizona,1,0,3321602692,voice,0
33,64,7,0.247816941,948.5345456,2244302,  Henderson,Nevada,1,0,3321602692,voice,0
34,62,10,0.248390402,739.7817174,5935215,  O'Fallon,Missouri,1,0,3321602692,voice,0
35,24,3,0.254492051,497.9972824,3716297,  Atlanta,Georgia,1,0,3321602692,voice,0
36,28,5,0.253045217,360.043681,8502596,  Los Angeles,California,1,0.1,3321602692,voice,0
37,103,15,0.24063378,246.5750951,8251799,  Gresham,Oregon,1,0,3321602692,voice,0
38,126,4,0.252683933,580.1350321,165568,  Atlanta,Georgia,34,0,4918684838,voice,0
39,19,5,0.255919931,155.4213996,7899602,  Roseville,California,1,0,3321602692,voice,0
40,10,4,0.249533004,705.3010838,8539907,  Manhattan,Kansas,1,0,3321602692,voice,0
41,103,7,0.253495156,885.3477571,9623422,  San Diego,California,1,0,3321602692,voice,0
42,166,7,0.249803306,727.7382928,5166100,  Cincinnati,Ohio,19,0,7464968189,voice,0
43,70,4,0.249781304,824.4245314,2226624,  El Paso,Texas,1,0,3321602692,voice,0
44,123,11,0.238062204,348.0054245,5782248,  Pearland,Texas,1,0,3321602692,voice,0
45,36,10,0.258771986,874.8055022,4832773,  Memphis,Tennessee,1,0,3321602692,voice,0
46,113,3,0.263364913,843.7422927,7323097,  New Brunswick,New Jersey,4,0,8643857222,voice,0
47,91,2,0.249830683,895.0960109,9677322,  Chicago,Illinois,1,0,3321602692,voice,0
48,177,8,0.259222599,126.6065237,3345755,  Los Angeles,California,18,0,3295257168,voice,0
49,116,4,0.247656829,445.1680018,144683,  Oklahoma City,Oklahoma,1,0.05,3321602692,voice,0
50,186,6,0.248946628,365.1715901,5163022,  Eugene,Oregon,1,0,3321602692,voice,0
51,182,7,0.250272529,910.4754361,4945773,  Ontario,California,1,0,3321602692,voice,0
52,102,12,0.24378861,858.4700723,3356921,  Glendale,Arizona,1,0,3321602692,voice,0
53,71,4,0.25126538,857.4347145,5528438,  New York,New York,25,0,5775736855,voice,0
54,101,4,0.268428631,918.8401939,7875816,  Kansas City,Missouri,1,0,3321602692,voice,0
55,145,5,0.269047291,138.5649154,4463721,  Canton,Ohio,1,0,3321602692,voice,0
56,48,2,0.228798094,239.6849708,9923223,  Lexington-Fayette urban county,Kentucky,1,0,3321602692,voice,0
57,56,10,0.255991217,384.6810248,9624338,  Austin,Texas,1,0,3321602692,voice,0
58,94,2,0.228114266,635.5578634,2032601,  Frederick,Maryland,1,0,3321602692,voice,0
59,38,5,0.236220331,583.6765467,475565,  Los Angeles,California,1,0.1,3321602692,voice,0
60,93,29,0.256717765,189.0421535,3878820,  Fort Worth,Texas,15,0,1109975299,voice,0
61,49,3,0.232662288,113.3165247,7685200,  Portland,Oregon,1,0,3321602692,voice,0
62,145,6,0.242758594,165.7708521,6425883,  Reno,Nevada,61,0,2443534564,voice,0
63,67,4,0.259225448,944.703633,9867352,  Cedar Rapids,Iowa,1,0,3321602692,voice,0
64,117,8,0.268277901,979.083021,6021521,  Alhambra,California,1,0,3321602692,voice,0
65,38,10,0.23035855,129.0199934,1766296,  Salt Lake City,Utah,1,0,3321602692,voice,0
66,203,4,0.257134037,520.1823235,3490858,  Dallas,Texas,1,0,3321602692,voice,0
67,140,14,0.249209017,463.6153337,2865612,  Decatur,Illinois,49,0,4245247994,voice,0
68,27,9,0.263611194,179.4741324,985417,  Fontana,California,1,0,3321602692,voice,0
69,44,10,0.249241477,731.7570424,9803451,  Chicago,Illinois,1,0,3321602692,voice,0
70,72,1,0.257608565,363.7601069,7866064,  Salem,Oregon,1,0,3321602692,voice,0
71,78,9,0.263335599,431.6035681,3589847,  Washington,District of Columbia,1,0,3321602692,voice,0
72,196,5,0.23624625,204.3820344,4796764,  Santa Ana,California,1,0,3321602692,voice,0
73,208,6,0.236081826,143.2760244,6247995,  Harlingen,Texas,10,0,1229727502,voice,0
74,83,2,0.247929595,734.975523,2758007,  La Crosse,Wisconsin,26,0,8983296675,voice,0
75,111,7,0.250095483,254.9719034,2173713,  Santa Ana,California,1,0,3321602692,voice,0
76,70,8,0.250650656,164.4011291,378701,  Chandler,Arizona,73,0,859687656,voice,0
77,164,2,0.23886205,437.9055707,7722959,  Jersey City,New Jersey,1,0,3321602692,voice,0
78,148,2,0.24742499,586.0009654,4458027,  Tamarac,Florida,56,0,6426191214,voice,0
79,282,8,0.260578321,556.1389023,9914285,  New York,New York,1,0,3321602692,voice,0
80,124,6,0.229565657,121.5183267,3851292,  Nashville-Davidson metropolitan government,Tennessee,34,0,4918684838,voice,0
81,58,5,0.267033591,658.8461126,6540492,  Jacksonville,Florida,1,0,3321602692,voice,0
82,17,4,0.257690009,792.4499544,3523785,  San Bernardino,California,49,0,4245247994,voice,0
83,138,6,0.252230062,222.8095108,9185024,  Lincoln,Nebraska,65,0,4822437901,voice,0
84,96,12,0.255324812,486.3175102,628422,  Baldwin Park,California,34,0,4918684838,voice,0
85,46,4,0.259000849,427.8931223,5411530,  Brooklyn Park,Minnesota,1,0,3321602692,voice,0
86,49,14,0.262353427,402.8744049,8417910,  Los Angeles,California,81,0,5666651771,voice,0
87,44,8,0.251184095,935.0202837,5839223,  Sunnyvale,California,1,0,3321602692,voice,0
88,56,7,0.261598805,755.871015,4299599,  Raleigh,North Carolina,1,0,3321602692,voice,0
89,91,4,0.26219237,170.1186802,8544993,  New York,New York,49,0,4245247994,voice,0
90,135,7,0.257186507,661.9565689,3685350,  St. Louis,Missouri,1,0,3321602692,voice,0
91,66,8,0.250688331,501.0941775,5217694,  Phoenix,Arizona,1,0,3321602692,voice,0
92,23,4,0.243818955,187.0320551,7806221,  Los Angeles,California,1,0.01,3321602692,voice,0
93,76,4,0.250004669,905.6827207,7858457,  Garland,Texas,1,0,3321602692,voice,0
94,22,0,0.241099023,571.1182488,9737768,  Fort Worth,Texas,1,0,3321602692,voice,0
95,129,9,0.245913056,890.892998,5676545,  Oklahoma City,Oklahoma,1,0,3321602692,voice,0
96,110,4,0.270412926,446.9436405,4534763,  Hampton,Virginia,62,0,3673492367,voice,0
97,38,14,0.247045598,710.9672713,4323323,  Los Angeles,California,1,0,3321602692,voice,0
98,82,3,0.247597809,103.2730326,2939452,  Oklahoma City,Oklahoma,79,0,6633600646,voice,0
99,45,15,0.247847555,822.9519976,5402123,  Jersey City,New Jersey,39,0,3557700335,voice,0
100,184,4,0.251597327,914.8523482,1440079,  Houston,Texas,1,0,3321602692,voice,0
1,115,13,0.262807977,171.2142696,9931502,  Boise City,Idaho,1,0,3321602692,voice,0
2,87,4,0.246606963,928.9719147,8032827,  Santa Fe,New Mexico,1,0,3321602692,voice,0
3,75,1,0.25699345,440.6813241,1229950,  Fargo,North Dakota,1,0.05,3321602692,voice,0
4,195,5,0.235947991,174.0962242,1479830,  Detroit,Michigan,1,0,3321602692,voice,0
5,83,7,0.25002976,731.8874214,1684060,  Scottsdale,Arizona,1,0,3321602692,voice,0
6,16,0,0.244999369,904.644689,6700061,  San Diego,California,1,0,3321602692,voice,0
7,94,10,0.246414409,657.3571228,6902691,  Santa Fe,New Mexico,1,0,3321602692,voice,0
8,128,0,0.239045179,389.635564,8197695,  Chicago,Illinois,1,0,3321602692,voice,0
9,212,13,0.238836254,126.8122226,9691935,  Santa Rosa,California,1,0,3321602692,voice,0
10,123,3,0.253212445,554.4795112,5502792,  Murrieta,California,1,0,3321602692,voice,0
11,38,11,0.2520112,791.2778978,7494795,  Grand Rapids,Michigan,7,0,9577052540,voice,0
12,149,8,0.247558588,550.618771,2240082,  Memphis,Tennessee,1,0,3321602692,voice,0
13,183,6,0.249677304,122.9270512,227254,  Los Angeles,California,1,0,3321602692,voice,0
14,41,6,0.238619378,994.982599,9673841,  Portland,Oregon,1,0,3321602692,voice,0
15,182,7,0.258401984,894.8626292,2344455,  Tallahassee,Florida,1,0,3321602692,voice,0
16,168,5,0.249696851,321.9265445,6808309,  Los Angeles,California,1,0,3321602692,voice,0
17,222,2,0.267452333,298.4859884,7087127,  Owensboro,Kentucky,1,0,3321602692,voice,0
18,134,2,0.235583174,580.3910574,3493804,  Concord,California,1,0,3321602692,voice,0
19,39,3,0.257056659,194.385153,3484834,  Dallas,Texas,1,0,3321602692,voice,0
20,85,2,0.235932967,760.7017386,6430587,  Chicago,Illinois,1,0,3321602692,voice,0
21,130,2,0.249191769,868.6780829,9207821,  Marysville,Washington,1,0,3321602692,voice,0
22,72,4,0.242581387,303.6540004,3081749,  Columbus,Ohio,1,0,3321602692,voice,0
23,116,13,0.274756262,933.9574127,5680811,  Canton,Ohio,1,0,3321602692,voice,0
24,114,8,0.240906835,171.5745133,7524854,  Oklahoma City,Oklahoma,1,0,3321602692,voice,0
25,48,9,0.249756811,247.177464,9211717,  Jersey City,New Jersey,1,0,3321602692,voice,0
26,111,11,0.257256226,737.4949245,8837700,  Syracuse,New York,1,0,3321602692,voice,0
27,19,11,0.239806121,274.0800434,5934326,  Decatur,Illinois,24,0,4231274690,voice,0
28,148,4,0.240902751,530.0704685,917904,  Portland,Oregon,1,0,3321602692,voice,0
29,113,8,0.244315186,629.8476261,7074136,  Coon Rapids,Minnesota,25,0,5775736855,voice,0
30,91,5,0.273162908,179.5166538,3923393,  Warwick,Rhode Island,1,0,3321602692,voice,0
31,84,6,0.246759778,670.7796469,7985176,  New York,New York,1,0,3321602692,voice,0
32,260,6,0.237609371,391.2723726,1099835,  Edmond,Oklahoma,1,0,3321602692,voice,0
33,98,8,0.264798353,408.4078805,1556210,  Berwyn,Illinois,1,0,3321602692,voice,0
34,86,7,0.255244845,595.0198714,8504847,  Napa,California,1,0,3321602692,voice,0
35,41,5,0.249506324,172.0439743,775457,  Washington,District of Columbia,1,0,3321602692,voice,0
36,46,6,0.249408635,730.3392053,9828619,  New York,New York,1,0,3321602692,voice,0
37,170,11,0.256692478,804.5887833,7789711,  San Antonio,Texas,1,0,3321602692,voice,0
38,195,4,0.253795022,810.5881167,8537361,  Columbus,Ohio,35,0,6198670500,voice,0
39,32,4,0.256710602,391.1279798,9197111,  Elgin,Illinois,1,0,3321602692,voice,0
40,18,3,0.25291217,791.5480863,6201985,  Albuquerque,New Mexico,1,0,3321602692,voice,0
41,161,5,0.267477626,898.9475593,1176008,  Bloomington,Indiana,37,0,2859063106,voice,0
42,246,6,0.259335388,233.8930235,187284,  Palmdale,California,38,0,3995096642,voice,0
43,92,3,0.239578654,495.212263,5351845,  Boston,Massachusetts,1,0,3321602692,voice,0
44,193,11,0.251948318,913.7028266,547603,  New York,New York,1,0,3321602692,voice,0
45,60,5,0.25783333,734.4446001,8707806,  El Paso,Texas,1,0,3321602692,voice,0
46,179,4,0.235947138,308.7821894,2347009,  Dallas,Texas,1,0,3321602692,voice,0
47,146,0,0.23953154,161.2018473,4514236,  San Francisco,California,1,0,3321602692,voice,0
48,268,12,0.232497674,198.5696227,5337710,  Chicago,Illinois,1,0,3321602692,voice,0
49,182,5,0.253187715,454.1681112,2962437,  Urban Honolulu,Hawaii,13,0,5371824104,voice,0
50,261,3,0.244518695,421.0911033,1961177,  Joplin,Missouri,1,0,3321602692,voice,0
51,260,3,0.239769197,568.2435955,3954255,  Arlington Heights,Illinois,1,0.1,3321602692,voice,0
52,157,6,0.245073353,808.4797713,5645077,  Iowa City,Iowa,1,0,3321602692,voice,0
53,114,3,0.257824851,627.723743,5034915,  Newton,Massachusetts,30,0,2729587994,voice,0
54,153,7,0.2550221,260.4727753,5488669,  Tampa,Florida,45,0,5404303572,voice,0
55,237,3,0.235128818,875.7310387,9144730,  Hialeah,Florida,1,0,3321602692,voice,0
56,72,7,0.259525455,691.5875495,9416882,  Asheville,North Carolina,1,0,3321602692,voice,0
57,85,11,0.247804564,989.579044,6450164,  Fresno,California,1,0,3321602692,voice,0
58,129,2,0.248786196,886.1689249,9446633,  Newport News,Virginia,1,0,3321602692,voice,0
59,60,3,0.242515985,474.1022993,6344603,  Lansing,Michigan,27,0,1572106890,voice,0
60,152,22,0.244677912,872.4588493,6432306,  Paterson,New Jersey,20,0,257776231,voice,0
61,69,6,0.233711464,741.4052822,187284,  Seattle,Washington,58,0,6473037932,voice,0
62,226,0,0.237911958,684.544696,5552510,  Nashville-Davidson metropolitan government,Tennessee,1,0,3321602692,voice,0
63,85,6,0.260954681,305.1692463,2594833,  New York,New York,1,0,3321602692,voice,0
64,201,8,0.264171003,775.3969598,6517194,  Durham,North Carolina,1,0,3321602692,voice,0
65,64,15,0.255069904,445.9780488,2095943,  Tampa,Florida,47,0,306648749,voice,0
66,299,4,0.260377343,304.1975402,1341386,  San Diego,California,1,0,3321602692,voice,0
67,200,23,0.255629564,559.461266,1633081,  Baltimore,Maryland,1,0,3321602692,voice,0
68,82,15,0.240527912,966.9021074,8710534,  Wichita,Kansas,12,0,3976136027,voice,0
69,60,5,0.259271146,555.7809089,6852978,  Austin,Texas,1,0,3321602692,voice,0
70,116,1,0.248953554,834.4998233,1994506,  Scottsdale,Arizona,1,0,3321602692,voice,0
71,138,5,0.264899206,160.3956849,9273911,  Mesa,Arizona,1,0,3321602692,voice,0
72,289,7,0.252454923,273.9752258,7652707,  Troy,Michigan,18,0,3295257168,voice,0
73,315,7,0.261744462,608.1437039,4900850,  Fort Worth,Texas,1,0,3321602692,voice,0
74,133,1,0.258169517,688.0232128,7988565,  Philadelphia,Pennsylvania,55,0,9359230065,voice,0
75,159,6,0.248540945,572.8614772,1855970,  Durham,North Carolina,27,0,1572106890,voice,0
76,111,12,0.269148668,107.3104325,6353479,  Pasadena,California,23,0,6653294539,voice,0
77,239,9,0.240363841,945.9560794,9239757,  El Paso,Texas,11,0,3234708148,voice,0
78,214,7,0.261407191,202.081922,245699,  Huntsville,Alabama,57,0,8850751709,voice,0
79,430,4,0.254507095,981.6542394,5120307,  Chicago,Illinois,50,0,5280037015,voice,0
80,180,2,0.273574347,871.4309371,8366485,  New York,New York,1,0,3321602692,voice,0
81,81,3,0.252358891,859.8830749,6592324,  Pasadena,California,1,0,3321602692,voice,0
82,24,2,0.252878803,805.1775829,6486111,  Jersey City,New Jersey,1,0,3321602692,voice,0
83,196,3,0.235783164,267.007672,1735685,  Auburn,Washington,1,0,3321602692,voice,0
84,195,18,0.239977587,351.5278669,7110746,  Whittier,California,82,0,7438606735,voice,0
85,64,4,0.242216646,412.9175535,2311525,  Oklahoma City,Oklahoma,74,0,9190052744,voice,0
86,81,13,0.232763322,615.7954746,6601771,  New York,New York,70,0,7540530527,voice,0
87,71,5,0.261940006,536.4850363,4151736,  New York,New York,1,0,3321602692,voice,0
88,78,4,0.244775078,437.6427363,5039558,  Long Beach,California,1,0,3321602692,voice,0
89,157,3,0.244136571,480.9491395,1278895,  Milwaukee,Wisconsin,1,0,3321602692,voice,0
90,208,5,0.265662988,112.8519103,7591278,  Newton,Massachusetts,61,0,2443534564,voice,0
91,102,3,0.247553643,322.777548,5223419,  Clifton,New Jersey,1,0,3321602692,voice,0
92,29,4,0.260367286,734.8403091,9519513,  Fort Collins,Colorado,71,0.1,6813324200,voice,0
93,112,5,0.243426795,965.6207968,956667,  Tampa,Florida,1,0,3321602692,voice,0
94,34,1,0.242446906,510.6729772,3927387,  Memphis,Tennessee,1,0,3321602692,voice,0
95,202,6,0.252452412,626.0514236,4628930,  Tulsa,Oklahoma,1,0,3321602692,voice,0
96,162,3,0.242541641,550.1144509,3422493,  Lee's Summit,Missouri,52,0,2618751440,voice,0
97,64,7,0.270207352,157.996819,9792750,  Chicago,Illinois,21,0.05,6752103337,voice,0
98,118,9,0.238308353,693.7123684,369884,  Seattle,Washington,92,0,1377353623,voice,0
99,72,8,0.241933543,213.5577528,8443570,  Fayetteville,North Carolina,50,0,5280037015,voice,0
100,285,1,0.257952371,476.1247237,6555620,  Allen,Texas,1,0,3321602692,voice,0
1,169,16,0.241482637,547.2147889,7598075,  Virginia Beach,Virginia,1,0,3321602692,voice,0
2,99,2,0.23387521,131.2840243,9991059,  Lubbock,Texas,1,0,3321602692,voice,0
3,96,1,0.247359361,662.9755617,95089,  Pocatello,Idaho,1,0,3321602692,voice,0
4,257,4,0.259351572,591.693088,3954390,  Cincinnati,Ohio,1,0,3321602692,voice,0
5,118,8,0.251312963,255.1222456,6744683,  Naperville,Illinois,1,0,3321602692,voice,0
6,18,2,0.246674284,569.4187817,2047207,  Omaha,Nebraska,1,0,3321602692,voice,0
7,133,7,0.271553072,953.9002215,9987679,  Lansing,Michigan,2,0,2054174925,voice,0
8,164,5,0.236191904,489.6086934,2471006,  Coral Springs,Florida,1,0,3321602692,voice,0
9,287,10,0.265446085,274.5784544,4506348,  Loveland,Colorado,1,0,3321602692,voice,0
10,166,1,0.251622106,612.8584576,8037336,  Omaha,Nebraska,1,0,3321602692,voice,0
11,61,8,0.244176816,376.3534738,5342556,  Westminster,Colorado,1,0,3321602692,voice,0
12,193,6,0.267764219,629.0995249,5234808,  New York,New York,1,0,3321602692,voice,0
13,249,3,0.243574218,101.0978988,9422271,  Aurora,Colorado,1,0,3321602692,voice,0
14,54,3,0.247430849,740.1088428,5190467,  Phoenix,Arizona,1,0,3321602692,voice,0
15,227,6,0.24556774,309.7707684,1600552,  Philadelphia,Pennsylvania,1,0,3321602692,voice,0
16,215,2,0.264064261,461.7845088,7714184,  Charlotte,North Carolina,1,0,3321602692,voice,0
17,298,6,0.247033956,677.060784,4079333,  Wichita Falls,Texas,1,0,3321602692,voice,0
18,162,2,0.255775332,571.2363926,1838400,  Houston,Texas,1,0,3321602692,voice,0
19,46,11,0.24236393,479.7148937,5604228,  Gilbert,Arizona,1,0,3321602692,voice,0
20,123,3,0.241615272,482.0390352,96228,  Redmond,Washington,1,0,3321602692,voice,0
21,150,6,0.246242384,192.1584493,9574244,  Moore,Oklahoma,1,0,3321602692,voice,0
22,99,6,0.25471252,200.3690997,6106330,  Marietta,Georgia,1,0,3321602692,voice,0
23,152,9,0.231133626,659.5610152,2952664,  Augusta-Richmond County consolidated government,Georgia,1,0,3321602692,voice,0
24,168,6,0.252733488,483.6376441,5835997,  San Diego,California,1,0,3321602692,voice,0
25,67,3,0.241570518,648.7161838,7949662,  Fontana,California,1,0,3321602692,voice,0
26,154,8,0.239539421,501.6241371,5549035,  Huntington Park,California,1,0,3321602692,voice,0
27,32,8,0.258096343,485.9443277,9958172,  Richmond,Virginia,10,0,1229727502,voice,0
28,195,5,0.256163587,196.2170905,134530,  Los Angeles,California,1,0,3321602692,voice,0
29,159,6,0.263845147,463.0909045,3732997,  New York,New York,1,0,3321602692,voice,0
30,110,7,0.256417606,987.5082299,6310243,  Virginia Beach,Virginia,1,0,3321602692,voice,0
31,114,10,0.252517176,368.9974827,8442745,  Elizabeth,New Jersey,1,0,3321602692,voice,0
32,343,3,0.26072846,550.7517964,4630249,  South San Francisco,California,1,0,3321602692,voice,0
33,145,10,0.257191007,188.1561086,7723895,  Lynn,Massachusetts,1,0,3321602692,voice,0
34,116,5,0.246521004,850.392856,4098240,  Stamford,Connecticut,1,0,3321602692,voice,0
35,86,2,0.252779036,559.9052453,5502602,  Salinas,California,1,0,3321602692,voice,0
36,63,3,0.241522363,388.9429061,2931975,  Tustin,California,1,0,3321602692,voice,0
37,228,11,0.247434981,432.6558505,135977,  Springfield,Illinois,1,0,3321602692,voice,0
38,244,5,0.252363659,185.8491419,6946066,  Dallas,Texas,35,0,6198670500,voice,0
39,41,4,0.239330686,567.0867613,8258485,  Bowling Green,Kentucky,1,0,3321602692,voice,0
40,27,1,0.251305183,653.3931676,405683,  Raleigh,North Carolina,1,0,3321602692,voice,0
41,225,8,0.242873537,928.8924784,8990949,  New York,New York,1,0,3321602692,voice,0
42,315,8,0.259562447,205.6274687,7055743,  New York,New York,37,0,2859063106,voice,0
43,120,3,0.250344158,580.6370553,9173908,  Berkeley,California,1,0,3321602692,voice,0
44,264,9,0.246269065,768.9525694,8612495,  New Orleans,Louisiana,1,0,3321602692,voice,0
45,78,6,0.259834743,605.2652089,488983,  Mission,Texas,1,0,3321602692,voice,0
46,236,1,0.258030583,835.6630638,4932190,  Indianapolis,(balance) Indiana,15,0,1109975299,voice,0
47,184,0,0.267539954,527.6048933,8391917,  Cleveland,Ohio,1,0,3321602692,voice,0
48,376,5,0.229411612,409.3650119,9044053,  Costa Mesa,California,1,0,3321602692,voice,0
49,255,2,0.241554857,835.0302488,8840498,  Kansas City,Missouri,42,0,8272386734,voice,0
50,350,9,0.261083598,845.2650764,418447,  San Diego,California,1,0,3321602692,voice,0
51,337,6,0.261757389,790.9505796,1086976,  Minneapolis,Minnesota,1,0,3321602692,voice,0
52,202,2,0.246712764,587.8509095,9926968,  Rapid City,South Dakota,8,0,4399536532,voice,0
53,149,2,0.251631838,760.2465709,2412578,  Southaven,Mississippi,15,0,1109975299,voice,1.168304453
54,223,5,0.245481699,907.5151675,3437136,  Lynwood,California,1,0,3321602692,voice,0
55,309,3,0.25944242,905.6904061,9648691,  Phoenix,Arizona,1,0,3321602692,voice,0
56,104,5,0.2484475,667.122177,9542023,  Duluth,Minnesota,1,0,3321602692,voice,0
57,114,18,0.248612216,935.962696,5455721,  Yakima,Washington,1,0,3321602692,voice,0
58,169,1,0.25222184,374.4490677,6519790,  Knoxville,Tennessee,1,0,3321602692,voice,0
59,104,2,0.245926708,845.7073254,5194189,  New York,New York,1,0,3321602692,voice,0
60,214,24,0.251890278,656.2530591,3221230,  Rowlett,Texas,16,0,449368256,voice,0
61,99,4,0.241263906,847.4919235,8748344,  South Bend,Indiana,1,0,3321602692,voice,0
62,289,5,0.240860558,690.0017954,504076,  Mesquite,Texas,1,0,3321602692,voice,0
63,134,2,0.240507358,678.6910443,9285409,  Houston,Texas,34,0,4918684838,voice,0
64,282,8,0.255792804,745.9029911,5895308,  Las Cruces,New Mexico,1,0,3321602692,voice,0
65,92,6,0.246321853,629.0284503,3736970,  Chino Hills,California,47,0,306648749,voice,0
66,383,4,0.239196728,249.4306344,6043611,  Anchorage municipality,Alaska,1,0,3321602692,voice,0
67,276,26,0.253295654,613.9085902,4529232,  Surprise,Arizona,1,0,3321602692,voice,0
68,111,5,0.236478827,247.5336546,9559488,  Bowling Green,Kentucky,1,0,3321602692,voice,0
69,90,7,0.253011903,533.2213776,2660131,  Chico,California,1,0,3321602692,voice,0
70,123,2,0.24326569,912.6517803,3322938,  Hayward,California,1,0,3321602692,voice,0
71,181,4,0.247700273,374.7199423,769777,  Milwaukee,Wisconsin,1,0,3321602692,voice,0
72,400,11,0.252115236,635.6674758,1292543,  Weymouth Town,Massachusetts,1,0,3321602692,voice,0
73,422,6,0.252805663,815.3776028,5180278,  Mission Viejo,California,68,0,2693135486,voice,0
74,171,0,0.245802876,437.6300086,8959017,  Pomona,California,1,0,3321602692,voice,0
75,218,7,0.257277639,846.9800436,5702282,  New York,New York,66,0,4893613745,voice,0
76,165,6,0.250999597,184.0682571,1131351,  Alameda,California,1,0,3321602692,voice,0
77,314,6,0.237711423,169.6282079,6661417,  Columbus,Ohio,1,0,3321602692,voice,0
78,296,2,0.246274698,422.3953489,4133163,  San Diego,California,54,0,3031550227,voice,0
79,577,4,0.252839521,478.7518713,3912142,  New York,New York,1,0,3321602692,voice,0
80,247,4,0.237942418,908.2771226,5025030,  Cleveland,Ohio,1,0,3321602692,voice,0
81,106,6,0.248436714,449.975434,477164,  Chicago,Illinois,51,0,6414367917,voice,0
82,28,1,0.24074489,650.4950659,8052697,  Broken Arrow,Oklahoma,1,0,3321602692,voice,0
83,268,9,0.276803722,326.2916356,6993637,  Durham,North Carolina,1,0,3321602692,voice,0
84,240,6,0.244576314,942.4079787,1600771,  Sparks,Nevada,54,0,3031550227,voice,0
85,91,1,0.244533783,284.3522466,4848914,  Mobile,Alabama,1,0,3321602692,voice,0
86,102,12,0.24902711,938.4086286,1412408,  La Habra,California,78,0,9547557582,voice,0
87,99,6,0.248776246,661.1467524,9832102,  Rocky Mount,North Carolina,68,0,2693135486,voice,0
88,106,3,0.248452041,920.9010876,9864894,  Los Angeles,California,16,0,449368256,voice,0
89,213,3,0.248678325,797.5636668,2566774,  Olathe,Kansas,87,0,7651407726,voice,0
90,280,5,0.25053436,697.9313554,8485480,  Washington,District of Columbia,1,0,3321602692,voice,0
91,136,5,0.252060768,434.3239546,3304308,  Toledo,Ohio,82,0,7438606735,voice,0
92,38,3,0.26599709,394.8099477,2006196,  Hammond,Indiana,6,0,3120008316,voice,0
93,151,6,0.225454871,544.0122198,2722710,  Los Angeles,California,1,0,3321602692,voice,0
94,48,0,0.250219334,322.811254,4193434,  Terre Haute,Indiana,1,0,3321602692,voice,0
95,274,10,0.25946648,263.3710773,8838884,  Lee's Summit,Missouri,16,0,449368256,voice,0
96,215,2,0.255575726,210.1166509,5658223,  Olathe,Kansas,63,0,802263761,voice,0
97,91,6,0.26500239,680.9864599,927167,  Peoria,Arizona,1,0,3321602692,voice,0
98,162,8,0.251465203,416.6105293,5518227,  Charlotte,North Carolina,71,0,6813324200,voice,0
99,92,11,0.247746185,878.5777732,7676860,  Cedar Rapids,Iowa,25,0,5775736855,voice,0
100,390,9,0.247418583,139.2985457,8416026,  New York,New York,41,0.05,1427889720,voice,2.173589821
1,251,12,0.25804262,689.4938358,43028,  Sarasota,Florida,1,0,3321602692,voice,0
2,124,3,0.244566557,424.8963204,4104621,  Yucaipa,California,1,0,3321602692,voice,0
3,124,4,0.244188938,211.5592818,2575152,  Chicago,Illinois,1,0,3321602692,voice,0
4,329,5,0.264527579,573.0220183,7814104,  New York,New York,1,0,3321602692,voice,0
5,144,5,0.235499422,657.1448637,1191243,  Tuscaloosa,Alabama,1,0,3321602692,voice,0
6,26,0,0.258601635,289.2384976,5107386,  Chicago,Illinois,1,0,3321602692,voice,0
7,160,13,0.262896249,738.1946506,8830121,  Phoenix,Arizona,1,0,3321602692,voice,0
8,197,6,0.255029844,383.3274455,9074173,  Vallejo,California,1,0,3321602692,voice,0
9,337,11,0.242978029,912.5348391,6051197,  Hamilton,Ohio,1,0,3321602692,voice,0
10,224,6,0.253291179,497.9217352,501254,  Antioch,California,1,0,3321602692,voice,0
11,75,7,0.248662001,586.0654881,9653817,  Omaha,Nebraska,1,0,3321602692,voice,0
12,244,7,0.248218678,401.7660994,4100248,  Los Angeles,California,1,0,3321602692,voice,0
13,295,6,0.250931169,903.5194074,9810941,  Kissimmee,Florida,1,0,3321602692,voice,0
14,66,6,0.229241851,290.3519643,877622,  Rocklin,California,1,0,3321602692,voice,0
15,260,8,0.254286271,387.8963618,9223420,  New York,New York,1,0,3321602692,voice,0
16,265,5,0.256621981,331.0539473,9225932,  New York,New York,1,0,3321602692,voice,0
17,363,3,0.257926625,387.0212764,865978,  High Point,North Carolina,1,0,3321602692,voice,0
18,218,1,0.253781213,199.5177936,2394039,  El Paso,Texas,1,0,3321602692,voice,0
19,69,6,0.25200569,402.5660098,5703894,  Philadelphia,Pennsylvania,1,0,3321602692,voice,0
20,155,1,0.237717866,792.8882299,8856610,  Joplin,Missouri,1,0,3321602692,voice,0
21,196,15,0.254903298,907.7475493,590128,  Detroit,Michigan,1,0,3321602692,voice,0
22,134,4,0.252580364,553.4579091,4875424,  Indianapolis,(balance) Indiana,1,0,3321602692,voice,0
23,185,10,0.262755556,590.9609554,6105372,  Cheyenne,Wyoming,1,0,3321602692,voice,0
24,208,4,0.227964186,304.1300433,3624313,  Inglewood,California,1,0,3321602692,voice,0
25,75,9,0.250714392,103.0289436,5494842,  Jackson,Mississippi,1,0,3321602692,voice,0
26,194,9,0.250603955,438.6213909,9800369,  Lawton,Oklahoma,1,0,3321602692,voice,0
27,42,10,0.250101856,227.6210893,2564159,  Washington,District of Columbia,7,0,9577052540,voice,0
28,245,6,0.240622441,694.902387,2116401,  Indianapolis,(balance) Indiana,1,0,3321602692,voice,0
29,190,6,0.237453296,533.0287076,9102839,  Overland Park,Kansas,1,0,3321602692,voice,0
30,149,7,0.249564691,885.1194561,1752052,  Bartlett,Tennessee,1,0,3321602692,voice,0
31,153,8,0.243127728,970.82622,1398252,  Reno,Nevada,1,0,3321602692,voice,0
32,426,12,0.230904225,983.974031,5236320,  Lancaster,Pennsylvania,19,0,7464968189,voice,0
33,179,12,0.247981748,713.3784207,7609126,  Davis,California,1,0,3321602692,voice,0
34,144,4,0.241384528,207.8836237,4243265,  San Jose,California,1,0,3321602692,voice,0
35,107,3,0.257711492,586.8984338,2920563,  Mountain View,California,1,0,3321602692,voice,0
36,79,4,0.248948567,948.6562001,2350852,  Taunton,Massachusetts,1,0,3321602692,voice,0
37,293,13,0.246791904,827.9318568,258545,  West Valley City,Utah,1,0,3321602692,voice,0
38,301,5,0.24966682,793.5288489,410317,  Indianapolis,(balance) Indiana,34,0,4918684838,voice,0
39,54,4,0.252034097,434.921315,3143558,  Pasadena,California,1,0,3321602692,voice,0
40,33,5,0.250998799,473.6111738,3708234,  Delano,California,1,0,3321602692,voice,0
41,291,3,0.250913281,720.7933559,4253419,  Newport News,Virginia,1,0,3321602692,voice,0
42,409,8,0.234360501,576.0638232,4501462,  Spokane Valley,Washington,19,0,7464968189,voice,0
43,159,8,0.259483634,517.3011476,1154295,  Rocky Mount,North Carolina,1,0,3321602692,voice,0
44,330,8,0.27191508,552.0397116,6331377,  Chicago,Illinois,1,0,3321602692,voice,0
45,96,11,0.246106795,499.7195376,1221798,  Madison,Wisconsin,1,0,3321602692,voice,0
46,310,6,0.247326533,688.1164043,9043476,  Chesapeake,Virginia,1,0,3321602692,voice,0
47,236,0,0.246313677,319.4497539,9371138,  Grand Rapids,Michigan,1,0,3321602692,voice,0
48,456,7,0.23773106,976.6231164,2307650,  Perth Amboy,New Jersey,1,0,3321602692,voice,0
49,334,6,0.252285927,743.989705,3653798,  Orange,California,41,0,1427889720,voice,0
50,447,5,0.235959059,756.3219847,6639230,  Palm Coast,Florida,1,0,3321602692,voice,0
51,421,6,0.230925822,783.4431571,4055635,  Henderson,Nevada,23,0,6653294539,voice,0
52,260,7,0.242886353,526.8883024,990586,  Maple Grove,Minnesota,38,0,3995096642,voice,0
53,179,7,0.240283748,317.5872171,7169371,  Vista,California,33,0,5462845771,voice,0
54,267,8,0.247128201,573.6602552,6425436,  Pompano Beach,Florida,1,0,3321602692,voice,0
55,383,2,0.256556285,476.0449705,5901963,  Camarillo,California,1,0,3321602692,voice,0
56,129,3,0.235299732,632.6750476,8412650,  Colorado Springs,Colorado,1,0,3321602692,voice,0
57,148,12,0.237933444,745.6943209,5884509,  Grand Prairie,Texas,1,0,3321602692,voice,0
58,221,2,0.260008906,765.753431,1449994,  Stamford,Connecticut,17,0,5805088996,voice,0
59,140,1,0.24718171,545.0705376,2138917,  Santa Ana,California,50,0,5280037015,voice,0
60,275,22,0.239336028,609.0471169,8689086,  Coral Springs,Florida,8,0,4399536532,voice,0
61,128,5,0.243652508,659.0033129,8951499,  Wichita,Kansas,1,0,3321602692,voice,0
62,378,5,0.240494594,799.8370958,1760288,  Springfield,Illinois,1,0,3321602692,voice,0
63,183,5,0.239064664,408.2684622,9804920,  Moreno Valley,California,5,0,6337628407,voice,0
64,350,5,0.254652546,724.2601167,7536555,  Colorado Springs,Colorado,53,0,1435921308,voice,0
65,110,6,0.265460116,104.0320906,8148458,  San Antonio,Texas,1,0,3321602692,voice,0
66,472,4,0.257696611,895.5288057,1795604,  Seattle,Washington,1,0,3321602692,voice,0
67,344,22,0.254448934,688.8885241,3677224,  San Diego,California,1,0,3321602692,voice,0
68,131,3,0.233775768,429.3573184,5152565,  San Diego,California,1,0,3321602692,voice,0
69,121,6,0.252393279,643.9146961,6733964,  Huntsville,Alabama,1,0,3321602692,voice,0
70,176,0,0.248869753,109.5769583,2937237,  Grand Prairie,Texas,1,0,3321602692,voice,0
71,217,3,0.245485102,623.6678942,9869884,  Avondale,Arizona,1,0,3321602692,voice,0
72,495,8,0.249254285,477.3649144,1337653,  Fort Worth,Texas,27,0,1572106890,voice,0
73,528,4,0.231765504,389.5603395,8226006,  Everett,Washington,1,0,3321602692,voice,0
74,203,4,0.280031512,978.9928692,6083542,  Concord,California,1,0,3321602692,voice,0
75,284,5,0.241791162,246.7716017,1479299,  Alhambra,California,1,0,3321602692,voice,0
76,205,3,0.270742421,464.1998307,6893801,  Lake Havasu City,Arizona,1,0,3321602692,voice,0
77,386,4,0.256837078,998.2972541,4598061,  Philadelphia,Pennsylvania,71,0,6813324200,voice,0
78,369,7,0.247594153,364.7874332,4016982,  Lynn,Massachusetts,76,0,4134625454,voice,0
79,733,6,0.257824926,582.8345825,53698,  Pensacola,Florida,1,0,3321602692,voice,0
80,317,6,0.243445097,841.5059155,8360383,  Indianapolis,(balance) Indiana,37,0,2859063106,voice,0
81,127,5,0.238191199,358.0563949,4967882,  Toledo,Ohio,1,0,3321602692,voice,0
82,32,5,0.244252869,740.7878205,373557,  Vacaville,California,8,0,4399536532,voice,0
83,357,8,0.248360718,604.6437135,1699326,  Elk Grove,California,73,0,859687656,voice,0
84,309,13,0.258304129,693.9250416,7312033,  Houston,Texas,63,0,802263761,voice,0
85,106,2,0.264285208,436.9445866,2252230,  San Antonio,Texas,1,0,3321602692,voice,0
86,133,15,0.236062624,210.4295042,5851198,  Chattanooga,Tennessee,77,0,5931874520,voice,0
87,128,3,0.25078358,343.2922091,2087340,  Los Angeles,California,78,0,9547557582,voice,0
88,126,4,0.255034291,270.9433609,1804154,  Columbus,Ohio,1,0,3321602692,voice,0
89,252,2,0.239302984,544.7678348,377889,  Cleveland,Ohio,1,0,3321602692,voice,0
90,343,9,0.245554963,312.9118539,7129222,  St. Louis,Missouri,43,0,6393613401,voice,0
91,190,6,0.239858222,228.9217172,4212821,  New York,New York,1,0,3321602692,voice,0
92,44,3,0.254286498,626.9368465,6652811,  Utica,New York,47,0,306648749,voice,0
93,185,10,0.228567844,536.7557018,2199030,  Philadelphia,Pennsylvania,1,0,3321602692,voice,0
94,60,2,0.25548928,923.5141005,7953789,  Charlotte,North Carolina,27,0,1572106890,voice,0
95,341,8,0.256187127,762.8315865,3573483,  Boynton Beach,Florida,1,0,3321602692,voice,0
96,272,7,0.263524172,413.4365029,3602938,  Chicago,Illinois,59,0,3432070919,voice,0
97,124,6,0.233556469,681.0119537,8253642,  Greeley,Colorado,1,0,3321602692,voice,0
98,207,9,0.261438715,151.1814435,2233677,  Carlsbad,California,75,0,701328714,voice,0
99,121,9,0.231725011,696.373512,8659285,  Los Angeles,California,1,0,3321602692,voice,0
100,486,7,0.265309236,237.1091707,6265671,  Tuscaloosa,Alabama,1,0,3321602692,voice,0
